# THUNDER 'Up-to-date Rank-sum Leaderboard' (16-dataset panel, 32 models, histopathology + natural-image).
# Source: https://mics-lab.github.io/thunder/leaderboards/ (first table on the page).
# Transcribed from a saved copy of that page fetched 2026-09-02 (a locally saved copy,
#   re-fetched 2026-10-06 and identical;
#   mkdocs-material build); HTML table parsed mechanically. Each published cell is 'value (rank)': value goes in the
#   metric column; the published per-task ranks are hardcoded in scripts/thunder_ranks.py PUB for validation.
#   ranksum = published 'Rank sum' value (its parenthesised position is dropped). Columns: knn=KNN, lin=Lin. prob.,
#   few=Few-shot, seg=Seg., ece=Calib. (lower better), adv=Adv. attack (lower better). The page writes
#   'CONCH 1.5' with a non-breaking space; normalised to a plain space to match scripts/thunder_ranks.py PUB.
# Re-checked 2026-10-06 against the live page: the parsed table is identical to the 2026-09-02 copy.
# Recreated 2026-10-06; reproduces docs/thunder_ranks.md and docs/overall_ranks.md byte-for-byte.
model	domain	type	knn	lin	few	seg	ece	adv	ranksum
HIBOU-B	Histopathology	VM	78.9	81.2	76.3	67.8	3.2	52.7	66
HIBOU-L	Histopathology	VM	78.6	83.7	73.8	68.6	4.7	39.5	66
H-OPTIMUS-0	Histopathology	VM	81.4	83.8	76.2	65.2	4.0	43.9	57
H-OPTIMUS-1	Histopathology	VM	82.5	85.1	77.3	64.5	3.5	57.4	52
MIDNIGHT	Histopathology	VM	79.9	84.7	71.5	68.8	2.9	37.0	44
PHIKON	Histopathology	VM	75.7	80.9	73.6	68.0	5.8	33.5	83
PHIKON2	Histopathology	VM	73.9	79.7	71.8	67.4	3.9	43.8	89
UNI	Histopathology	VM	80.8	83.5	78.1	67.8	3.8	40.3	46
UNI2-H	Histopathology	VM	83.3	85.7	79.8	69.0	3.9	31.7	19
VIRCHOW	Histopathology	VM	77.4	82.8	71.8	69.2	4.5	38.3	69
VIRCHOW2	Histopathology	VM	82.9	84.8	73.9	69.3	3.9	31.1	30
CONCH	Histopathology	VLM	78.8	81.9	73.4	68.3	4.1	57.3	78
CONCH 1.5	Histopathology	VLM	79.9	82.4	75.0	68.8	4.6	75.8	81
KEEP	Histopathology	VLM	81.5	83.2	77.1	68.0	4.0	44.9	53
MUSK	Histopathology	VLM	77.7	81.1	71.9	65.1	4.0	71.9	103
PLIP	Histopathology	VLM	70.2	74.0	64.1	58.5	4.5	60.8	135
QUILTNET	Histopathology	VLM	70.4	73.9	65.6	58.9	5.8	55.6	135
DINOv2-B	Natural-image	VM	69.0	76.6	60.2	59.8	5.0	66.1	140
DINOv2-L	Natural-image	VM	70.6	77.0	58.7	59.6	4.9	64.4	135
ViT-B/16	Natural-image	VM	66.2	74.7	57.3	61.0	4.0	47.0	128
ViT-L/16	Natural-image	VM	69.3	75.5	56.9	63.1	4.3	43.9	124
CLIP-B/32	Natural-image	VLM	63.0	68.8	52.3	56.0	4.9	63.6	155
CLIP-L/14	Natural-image	VLM	65.7	73.6	58.1	60.8	3.8	70.5	142
DINOv3-B	Natural-image	VM	70.6	77.4	64.8	63.4	3.7	70.1	116
DINOv3-S	Natural-image	VM	72.0	77.1	65.7	62.0	2.8	66.9	108
DINOv3-L	Natural-image	VM	71.5	77.9	61.8	62.6	3.0	68.9	113
GIGAPATH	Histopathology	VM	79.5	82.9	75.5	63.5	3.4	42.1	61
KAIKO-S/16	Histopathology	VM	78.2	81.7	75.1	66.8	4.6	42.5	79
KAIKO-B/16	Histopathology	VM	78.7	81.4	76.4	66.8	5.0	38.8	73
H0-mini	Histopathology	VM	79.7	83.8	75.0	69.1	3.8	34.3	41
OpenMidnight	Histopathology	VM	79.3	84.7	43.7	69.1	5.4	38.3	75
GenBio-PFM	Histopathology	VM	83.4	85.3	79.4	68.2	4.2	34.9	30
